,Beryl,Beryl,Cosmos,Area,# recordings,# neurons,# good neurons,canonical,stim_euc,stim_glm,stim_dec,stim_man,choice_euc,choice_glm,choice_dec,choice_man,fback_euc,fback_glm,fback_dec,fback_man,block_euc,block_glm,block_dec,block_man,speed_euc,speed_glm,speed_dec,speed_man,veloc_euc,veloc_glm,veloc_dec,veloc_man,optBay_dec,optBay_dec_corr,opt_Bay_dec_p
266,FRP,Frontal pole cerebral cortex,Isocortex,,10,412,64,TRUE,0.17,-3.14,0.0,0.0,0.23,-4.61,0.12,0.0,0.4,-3.05,0.16,0.16,0.18,-5.0,-0.05,0.06,,-3.45,0.07,,,-5.0,0.05,,-0.01,-0.01,0.95
265,MOp,Primary motor area,Isocortex,Motor SS,32,6148,1002,TRUE,0.09,-3.41,0.01,0.0,0.22,-3.76,0.12,0.14,0.69,-2.26,0.34,0.4,0.05,-3.57,0.04,0.06,,-2.6,0.1,,,-2.93,0.22,,0.08,0.05,0.0
264,MOs,Secondary motor area,Isocortex,Motor SS,52,5549,882,TRUE,0.21,-3.26,0.03,0.0,0.35,-4.5,0.16,0.15,0.34,-2.46,0.19,0.34,0.04,-3.78,0.01,0.06,,-2.48,0.11,,,-3.02,0.14,,0.08,0.05,0.0
263,SSp-n,Primary somatosensory area nose,Isocortex,Motor SS,7,593,28,TRUE,0.24,-3.56,0.0,0.0,0.37,-3.57,0.13,0.08,3.51,-1.96,0.22,0.35,0.43,-3.49,0.06,0.19,,-2.6,0.05,,,-3.73,0.06,,0.05,0.05,0.09
262,SSp-bfd,Primary somatosensory area barrel field,Isocortex,Motor SS,27,2725,270,TRUE,0.08,-4.68,0.01,0.0,0.09,-3.95,0.08,0.11,0.37,-2.76,0.13,0.26,0.09,-3.95,0.03,0.06,,-2.71,0.11,,,-3.36,0.07,,0.05,0.04,0.01
261,SSp-ll,Primary somatosensory area lower limb,Isocortex,Motor SS,11,927,105,TRUE,0.1,-2.94,-0.02,0.0,0.09,-3.82,0.06,0.11,0.73,-2.18,0.23,0.44,0.2,-3.16,0.05,0.11,,-2.33,0.16,,,-2.81,0.23,,0.07,0.06,0.02
260,SSp-m,Primary somatosensory area mouth,Isocortex,Motor SS,11,1759,156,TRUE,0.12,-3.66,0.03,0.0,0.21,-4.19,0.04,0.13,0.66,-2.24,0.18,0.27,0.14,-3.25,-0.01,0.06,,-2.95,0.05,,,-3.44,0.04,,0.04,0.03,0.0
259,SSp-ul,Primary somatosensory area upper limb,Isocortex,Motor SS,15,1068,128,TRUE,0.13,-3.27,-0.01,0.0,0.17,-2.77,0.15,0.13,1.25,-2.35,0.23,0.39,0.11,-2.27,0.0,0.11,,-2.52,0.09,,,-2.6,0.21,,0.06,0.04,0.07
258,SSp-tr,Primary somatosensory area trunk,Isocortex,Motor SS,14,1156,179,TRUE,0.09,-1.71,0.01,0.0,0.13,-2.74,0.05,0.13,0.38,-1.2,0.13,0.21,0.15,-1.7,0.0,0.04,,-5.0,0.1,,,-5.0,0.05,,0.02,0.01,0.1
257,SSp-un,Primary somatosensory area unassigned,Isocortex,Motor SS,6,296,36,FALSE,,,,,,,,,,,,,,,,,,,,,,,,,0.09,0.09,0.0
256,SSs,Supplemental somatosensory area,Isocortex,Motor SS,11,1962,242,TRUE,0.09,-2.73,0.0,0.0,0.31,-3.35,0.07,0.07,0.79,-2.1,0.22,0.4,0.09,-2.59,-0.01,0.07,,-5.0,0.13,,,-2.85,0.13,,0.05,0.04,0.0
255,GU,Gustatory areas,Isocortex,Lateral,4,315,53,FALSE,,,,,,,,,,,,,,,,,,,,,,,,,-0.01,0.0,0.63
254,VISC,Visceral area,Isocortex,Lateral,5,278,51,TRUE,0.13,-4.01,0.03,0.0,0.12,-3.62,0.07,0.07,0.53,-3.03,0.21,0.33,0.14,-4.61,0.05,0.07,,-2.68,0.17,,,-3.21,0.17,,0.08,0.06,0.03
253,AUDd,Dorsal auditory area,Isocortex,Audio Visual,6,313,25,FALSE,,,,,,,,,,,,,,,,,,,,,,,,,0.02,0.03,0.03
252,AUDp,Primary auditory area,Isocortex,Audio Visual,5,857,106,TRUE,0.15,-3.65,-0.01,0.0,0.18,-3.73,0.07,0.09,4.0,-2.24,0.44,0.4,0.13,-5.0,0.0,0.1,,-3.3,0.04,,,-5.0,0.02,,0.02,0.02,0.34
251,AUDpo,Posterior auditory area,Isocortex,Audio Visual,3,194,7,FALSE,,,,,,,,,,,,,,,,,,,,,,,,,,,
250,AUDv,Ventral auditory area,Isocortex,Audio Visual,8,516,101,TRUE,0.27,-3.23,0.0,0.0,0.18,-3.54,0.06,0.07,1.24,-3.2,0.39,0.4,0.1,-3.58,-0.05,0.07,,-2.85,0.09,,,-3.57,0.03,,0.03,0.02,0.12
249,VISal,Anterolateral visual area,Isocortex,Audio Visual,2,253,29,FALSE,,,,,,,,,,,,,,,,,,,,,,,,,0.02,0.02,0.34
248,VISam,Anteromedial visual area,Isocortex,Audio Visual,19,1549,228,TRUE,0.22,-3.3,0.07,0.02,0.16,-4.06,0.05,0.09,0.69,-2.69,0.14,0.11,0.08,-4.24,0.0,0.03,,-2.87,0.1,,,-4.2,0.03,,0.05,0.01,0.04
247,VISl,Lateral visual area,Isocortex,Audio Visual,11,805,98,TRUE,0.67,-3.02,0.02,0.08,0.39,-3.66,0.02,0.01,0.72,-2.71,0.08,0.12,0.15,-2.68,-0.04,0.01,,-5.0,-0.01,,,-5.0,0.0,,0.02,0.01,0.1
246,VISp,Primary visual area,Isocortex,Audio Visual,39,3386,412,TRUE,0.3,-3.4,0.04,0.02,0.06,-3.66,0.05,0.07,1.27,-2.28,0.15,0.16,0.09,-4.23,0.02,0.02,,-3.21,0.02,,,-5.0,0.04,,0.04,0.02,0.03
245,VISpl,Posterolateral visual area,Isocortex,Audio Visual,6,190,41,FALSE,,,,,,,,,,,,,,,,,,,,,,,,,-0.01,0.0,0.55
244,VISpm,posteromedial visual area,Isocortex,Audio Visual,16,746,118,TRUE,0.57,-2.9,0.16,0.03,0.43,-3.88,0.19,0.04,0.59,-2.99,0.09,0.2,0.12,-5.0,0.0,0.07,,-3.2,0.11,,,-5.0,0.15,,0.0,0.0,0.2
243,VISli,Laterointermediate area,Isocortex,,8,494,60,TRUE,0.34,-2.93,0.09,0.05,0.31,-3.85,0.07,0.11,0.31,-2.94,0.12,0.24,0.16,-5.0,-0.02,0.03,,-3.33,0.07,,,-3.45,0.08,,0.01,0.01,0.18
242,VISpor,Postrhinal area,Isocortex,,4,552,83,TRUE,,,,,,,,,,,,,,,,,,-5.0,0.07,,,-3.9,0.07,,0.0,0.01,0.41
241,ACAd,Anterior cingulate area dorsal part,Isocortex,Medial AS,22,1624,253,TRUE,0.16,-5.0,0.03,0.0,0.23,-3.57,0.12,0.11,0.24,-2.54,0.13,0.22,0.08,-4.19,0.0,0.04,,-3.0,0.05,,,-3.58,0.04,,0.04,0.03,0.02
240,ACAv,Anterior cingulate area ventral part,Isocortex,Medial AS,17,1094,139,TRUE,0.07,-3.28,0.0,0.0,0.07,-3.67,0.03,0.12,0.2,-2.75,0.05,0.22,0.1,-5.0,-0.04,0.02,,-5.0,0.03,,,-3.41,0.0,,0.01,0.0,0.49
239,PL,Prelimbic area,Isocortex,Medial PF,19,1797,292,TRUE,0.24,-4.89,0.02,0.0,0.4,-4.5,0.18,0.14,0.66,-2.41,0.17,0.37,0.08,-3.21,0.03,0.05,,-2.36,0.07,,,-2.77,0.19,,0.07,0.04,0.02
238,ILA,Infralimbic area,Isocortex,Medial PF,11,1353,233,TRUE,0.06,-4.03,0.02,0.0,0.16,-5.0,0.04,0.14,0.37,-2.8,0.18,0.23,0.07,-3.93,0.0,0.03,,-2.97,0.04,,,-3.53,0.03,,0.05,0.04,0.01
237,ORBl,Orbital area lateral part,Isocortex,Medial AS,8,1311,142,TRUE,0.13,-3.46,0.0,0.0,0.16,-4.09,0.08,0.05,0.87,-2.49,0.19,0.22,0.12,-5.0,-0.01,0.05,,-2.79,0.0,,,-3.58,0.04,,0.03,0.02,0.15
236,ORBm,Orbital area medial part,Isocortex,Medial PF,9,1300,202,TRUE,0.16,-3.37,-0.01,0.0,0.24,-4.44,0.06,0.12,0.75,-2.47,0.13,0.19,0.15,-3.54,0.0,0.03,,-2.67,0.09,,,-5.0,0.02,,0.02,0.03,0.17
235,ORBvl,Orbital area ventrolateral part,Isocortex,Medial AS,7,1860,389,TRUE,0.16,-3.39,0.02,0.0,0.27,-3.88,0.16,0.1,0.24,-2.38,0.38,0.26,0.07,-3.82,0.04,0.07,,-2.6,0.17,,,-3.15,0.27,,0.1,0.09,0.0
234,AId,Agranular insular area dorsal part,Isocortex,Lateral,10,794,171,TRUE,0.13,-3.5,0.01,0.0,0.13,-4.41,0.04,0.14,1.11,-2.4,0.34,0.39,0.08,-3.72,0.03,0.06,,-2.79,0.08,,,-3.41,0.09,,0.06,0.04,0.0
233,AIp,Agranular insular area posterior part,Isocortex,Lateral,6,411,92,TRUE,0.08,-3.41,0.0,0.0,0.2,-3.48,0.09,0.07,0.47,-2.07,0.22,0.41,0.17,-3.7,-0.03,0.07,,-2.92,0.08,,,-3.64,0.08,,0.05,0.04,0.02
232,AIv,Agranular insular area ventral part,Isocortex,Lateral,7,596,107,TRUE,0.09,-3.38,0.01,0.0,0.16,-5.0,0.07,0.07,0.32,-3.06,0.07,0.24,0.1,-3.88,-0.01,0.06,,-3.65,0.04,,,-5.0,0.01,,0.03,0.03,0.03
231,RSPagl,Retrosplenial area lateral agranular part,Isocortex,Medial AS,23,1256,179,TRUE,0.16,-4.83,0.0,0.0,0.11,-4.14,0.05,0.05,0.5,-2.63,0.13,0.22,0.1,-3.72,0.01,0.06,,-2.67,0.11,,,-4.44,0.02,,0.05,0.03,0.04
230,RSPd,Retrosplenial area dorsal part,Isocortex,Medial AS,26,1819,181,TRUE,0.17,-4.24,0.01,0.0,0.13,-3.88,0.0,0.07,0.98,-2.72,0.08,0.1,0.13,-2.53,-0.01,0.04,,-2.87,0.02,,,-4.28,0.0,,0.04,0.01,0.46
229,RSPv,Retrosplenial area ventral part,Isocortex,Medial AS,29,2469,234,TRUE,0.22,-4.63,0.0,0.02,0.17,-3.89,0.08,0.12,0.5,-2.81,0.1,0.16,0.11,-3.62,0.0,0.05,,-3.05,0.08,,,-5.0,0.04,,0.01,0.0,0.68
228,VISa,Anterior area,Isocortex,,50,4000,637,TRUE,0.11,-3.7,0.02,0.0,0.17,-3.99,0.07,0.08,0.95,-2.69,0.11,0.18,0.05,-2.89,-0.01,0.02,,-2.97,0.05,,,-3.73,0.04,,0.03,0.0,0.68
227,VISrl,Rostrolateral visual area,Isocortex,,7,461,50,TRUE,0.14,-3.48,0.0,0.0,0.12,-3.8,0.09,0.1,0.51,-2.47,0.07,0.21,0.19,-3.39,-0.01,0.12,,-2.61,0.13,,,-3.83,0.1,,0.06,0.03,0.36
226,TEa,Temporal association areas,Isocortex,Lateral,10,790,141,TRUE,0.06,-3.87,0.0,0.0,0.06,-4.32,0.04,0.11,0.73,-2.9,0.23,0.2,0.05,-3.83,0.02,0.06,,-3.33,0.02,,,-4.36,0.01,,0.05,0.03,0.02
225,PERI,Perirhinal area,Isocortex,Lateral,4,59,6,FALSE,,,,,,,,,,,,,,,,,,,,,,,,,,,
224,ECT,Ectorhinal area,Isocortex,Lateral,6,466,62,TRUE,0.1,-4.44,-0.01,0.0,0.12,-4.18,0.02,0.04,0.21,-3.26,0.05,0.09,0.11,-4.24,0.01,0.04,,-4.8,0.0,,,-5.0,0.0,,-0.01,-0.01,0.99
223,MOB,Main olfactory bulb,OLF,,3,442,31,FALSE,,,,,,,,,,,,,,,,,,,,,,,,,-0.01,-0.02,0.86
222,AOB,Accessory olfactory bulb,OLF,,2,30,1,FALSE,,,,,,,,,,,,,,,,,,,,,,,,,,,
221,AON,Anterior olfactory nucleus,OLF,,12,2016,272,TRUE,0.13,-3.34,0.01,0.0,0.16,-5.0,0.03,0.08,0.38,-2.64,0.11,0.18,0.08,-3.62,0.0,0.06,,-2.95,0.03,,,-3.62,0.02,,0.02,0.01,0.35
220,TTd,Taenia tecta dorsal part,OLF,,12,1362,189,TRUE,0.06,-4.2,0.01,0.0,0.12,-4.54,0.03,0.04,0.89,-2.69,0.13,0.13,0.11,-3.7,0.0,0.04,,-2.85,0.03,,,-3.63,0.01,,0.01,0.01,0.77
219,TTv,Taenia tecta ventral part,OLF,,1,4,0,FALSE,,,,,,,,,,,,,,,,,,,,,,,,,,,
218,DP,Dorsal peduncular area,OLF,,16,1093,199,TRUE,0.08,-4.36,0.0,0.0,0.09,-5.0,0.01,0.1,0.73,-2.69,0.15,0.24,0.09,-4.04,0.0,0.03,,-3.02,0.02,,,-3.69,0.01,,0.01,0.01,0.32
217,PIR,Piriform area,OLF,,26,2627,389,TRUE,0.04,-3.74,0.01,0.0,0.06,-4.1,0.03,0.07,0.18,-2.68,0.07,0.18,0.09,-5.0,0.02,0.07,,-3.51,0.02,,,-5.0,0.0,,0.0,0.01,0.5
216,COAa,Cortical amygdalar area anterior part,OLF,,4,95,10,FALSE,,,,,,,,,,,,,,,,,,,,,,,,,,,
215,COAp,Cortical amygdalar area posterior part,OLF,,17,1198,99,TRUE,0.13,-3.91,0.03,0.0,0.11,-5.0,-0.02,0.03,0.37,-3.3,0.07,0.13,0.22,-3.19,0.02,0.08,,-3.76,0.0,,,-5.0,0.0,,0.06,0.01,0.15
214,PAA,Piriform-amygdalar area,OLF,,4,535,56,FALSE,,,,,,,,,,,,,,,,,,,,,,,,,0.0,0.0,0.38
213,TR,Postpiriform transition area,OLF,,8,311,36,FALSE,,,,,,,,,,,,,,,,,,,,,,,,,0.07,0.04,0.1
212,CA1,Field CA1,HPF,,138,12507,1056,TRUE,0.09,-3.37,0.01,0.0,0.12,-4.13,0.04,0.08,0.75,-2.23,0.13,0.17,0.07,-2.19,0.0,0.03,,-5.0,0.07,,,-4.41,0.01,,0.03,0.02,0.01
211,CA2,Field CA2,HPF,,28,341,24,FALSE,,,,,,,,,,,,,,,,,,,,,,,,,,,
210,CA3,Field CA3,HPF,,73,6450,526,TRUE,0.17,-3.55,0.02,0.0,0.13,-4.39,0.04,0.07,0.6,-2.85,0.05,0.16,0.08,-3.83,0.0,0.04,,-2.8,0.07,,,-3.36,0.02,,0.04,0.02,0.15
209,DG,Dentate gyrus,HPF,,124,6911,574,TRUE,0.07,-4.12,-0.01,0.0,0.06,-3.42,0.01,0.05,0.89,-1.25,0.19,0.17,0.1,-0.89,-0.01,0.02,,-5.0,0.05,,,-5.0,0.01,,0.01,0.0,0.59
208,FC,Fasciola cinerea,HPF,,4,83,9,FALSE,,,,,,,,,,,,,,,,,,,,,,,,,,,
207,IG,Induseum griseum,HPF,,4,119,3,FALSE,,,,,,,,,,,,,,,,,,,,,,,,,,,
206,ENTl,Entorhinal area lateral part,HPF,,13,1982,266,TRUE,0.07,-3.5,-0.01,0.0,0.05,-4.69,0.01,0.06,0.14,-2.97,0.07,0.15,0.06,-4.51,-0.03,0.02,,-5.0,0.05,,,-5.0,0.0,,0.0,0.0,0.7
205,ENTm,Entorhinal area medial part dorsal zone,HPF,,14,1521,195,TRUE,0.19,-3.1,-0.01,0.0,0.13,-4.79,0.03,0.04,0.58,-2.68,0.18,0.21,0.1,-5.0,0.01,0.03,,-2.95,0.08,,,-5.0,0.02,,0.02,0.03,0.04
204,PAR,Parasubiculum,HPF,,6,1145,73,TRUE,0.24,-3.56,0.02,0.0,0.14,-3.84,0.04,0.06,0.71,-3.58,0.16,0.38,0.13,-5.0,0.0,0.01,,-2.93,0.06,,,-3.64,0.03,,0.0,0.01,0.24
203,POST,Postsubiculum,HPF,,17,1073,74,TRUE,0.52,-3.72,0.01,0.0,0.55,-3.16,0.08,0.1,2.43,-2.69,0.07,0.24,0.24,-3.81,-0.01,0.0,,-2.09,0.14,,,-3.91,0.01,,-0.01,-0.01,0.98
202,PRE,Presubiculum,HPF,,8,783,46,TRUE,0.27,-2.91,0.02,0.0,0.33,-3.15,0.05,0.1,1.23,-3.23,0.11,0.22,0.39,-5.0,0.0,0.02,,-2.72,0.11,,,-4.21,0.03,,-0.01,0.0,0.63
201,SUB,Subiculum,HPF,,30,3729,358,TRUE,0.07,-4.49,0.02,0.0,0.19,-4.01,0.05,0.08,1.08,-2.91,0.1,0.12,0.11,-4.26,-0.01,0.03,,-2.55,0.13,,,-3.19,0.05,,0.04,0.02,0.32
200,ProS,Prosubiculum,HPF,,19,1482,200,TRUE,0.08,-2.69,-0.02,0.0,0.06,-5.0,0.0,0.07,0.32,-2.16,0.11,0.22,0.1,-2.92,0.0,0.02,,-5.0,0.05,,,-5.0,0.01,,0.04,0.03,0.13
199,HATA,Hippocampo-amygdalar transition area,HPF,,7,322,35,FALSE,,,,,,,,,,,,,,,,,,,,,,,,,-0.01,-0.03,0.85
198,APr,Area prostriata,HPF,,6,94,6,FALSE,,,,,,,,,,,,,,,,,,,,,,,,,,,
197,CLA,Claustrum,CTXsp,,5,274,41,FALSE,,,,,,,,,,,,,,,,,,,,,,,,,0.02,0.02,0.18
196,EPd,Endopiriform nucleus dorsal part,CTXsp,,9,515,75,TRUE,0.19,-3.99,0.01,0.0,0.13,-4.03,0.0,0.04,0.29,-3.17,0.02,0.08,0.15,-5.0,-0.01,0.02,,-4.38,0.01,,,-5.0,0.0,,0.0,0.01,0.2
195,EPv,Endopiriform nucleus ventral part,CTXsp,,9,629,72,TRUE,0.15,-3.07,0.0,0.0,0.11,-3.58,0.02,0.0,0.34,-2.26,0.11,0.05,0.11,-5.0,0.04,0.05,,-2.93,0.05,,,-5.0,0.02,,0.02,0.02,0.14
194,LA,Lateral amygdalar nucleus,CTXsp,,5,634,45,FALSE,,,,,,,,,,,,,,,,,,,,,,,,,-0.01,-0.02,0.63
193,BLA,Basolateral amygdalar nucleus,CTXsp,,10,1066,116,TRUE,0.06,-3.67,-0.02,0.0,0.11,-4.12,0.0,0.04,0.35,-2.86,0.04,0.14,0.11,-3.65,-0.03,0.05,,-3.72,0.0,,,-5.0,0.0,,0.0,-0.02,0.89
192,BMA,Basomedial amygdalar nucleus,CTXsp,,13,1321,154,TRUE,0.08,-3.33,0.0,0.0,0.13,-4.42,0.0,0.08,0.26,-2.98,0.08,0.11,0.13,-4.49,0.01,0.1,,-4.01,0.01,,,-5.0,0.0,,0.06,0.02,0.4
191,PA,Posterior amygdalar nucleus,CTXsp,,15,748,75,TRUE,0.15,-3.89,-0.01,0.0,0.11,-3.84,0.0,0.05,0.18,-3.52,0.01,0.05,0.18,-3.89,0.01,0.12,,-3.81,0.01,,,-5.0,0.0,,0.02,0.0,0.71
190,CP,Caudoputamen,CNU,,66,15184,1781,TRUE,0.19,-3.25,0.03,0.0,0.23,-4.27,0.13,0.14,0.69,-2.1,0.35,0.38,0.04,-3.74,0.02,0.09,,-2.44,0.13,,,-2.94,0.19,,0.05,0.04,0.0
189,ACB,Nucleus accumbens,CNU,,19,1453,233,TRUE,0.12,-3.25,0.0,0.0,0.22,-4.25,0.05,0.08,0.46,-2.37,0.24,0.27,0.11,-3.67,0.01,0.05,,-2.82,0.04,,,-3.48,0.04,,0.0,0.01,0.15
188,FS,Fundus of striatum,CNU,,4,95,19,FALSE,,,,,,,,,,,,,,,,,,,,,,,,,,,
187,OT,Olfactory tubercle,CNU,,17,400,52,TRUE,0.21,-2.83,-0.01,0.0,0.23,-3.9,0.06,0.08,0.92,-2.26,0.01,0.14,0.33,-3.83,0.05,0.03,,-2.54,0.03,,,-3.68,0.03,,-0.01,0.0,0.62
186,LSc,Lateral septal nucleus caudal (caudodorsal) part,CNU,,10,398,46,FALSE,,,,,,,,,,,,,,,,,,,,,,,,,0.01,0.02,0.28
185,LSr,Lateral septal nucleus rostral (rostroventral) part,CNU,,28,5055,811,TRUE,0.13,-4.52,0.01,0.0,0.13,-4.16,0.03,0.07,0.41,-2.85,0.13,0.19,0.06,-3.87,0.0,0.04,,-2.81,0.07,,,-3.9,0.02,,0.0,0.0,0.96
184,LSv,Lateral septal nucleus ventral part,CNU,,16,987,108,TRUE,0.11,-4.1,-0.01,0.0,0.14,-3.97,0.07,0.09,0.22,-3.05,0.11,0.14,0.14,-4.11,-0.01,0.09,,-2.99,0.06,,,-4.17,0.01,,-0.01,0.0,0.23
183,SF,Septofimbrial nucleus,CNU,,9,266,50,TRUE,,,,,,,,,,,,,,,,,,-2.1,0.07,,,-4.4,0.03,,-0.01,0.0,0.66
182,SH,Septohippocampal nucleus,CNU,,2,32,2,FALSE,,,,,,,,,,,,,,,,,,,,,,,,,,,
181,AAA,Anterior amygdalar area,CNU,,3,135,15,FALSE,,,,,,,,,,,,,,,,,,,,,,,,,,,
180,CEA,Central amygdalar nucleus,CNU,,10,773,127,TRUE,0.09,-4.26,0.03,0.0,0.07,-4.1,0.03,0.03,0.61,-2.24,0.07,0.14,0.12,-4.46,0.0,0.1,,-3.25,0.02,,,-4.66,0.02,,0.05,0.01,0.53
179,IA,Intercalated amygdalar nucleus,CNU,,2,64,14,FALSE,,,,,,,,,,,,,,,,,,,,,,,,,,,
178,MEA,Medial amygdalar nucleus,CNU,,12,1292,140,TRUE,0.06,-4.38,-0.01,0.0,0.08,-5.0,0.02,0.09,0.35,-3.39,0.02,0.12,0.12,-5.0,0.01,0.11,,-3.81,0.02,,,-5.0,0.0,,-0.01,0.0,0.24
177,GPe,Globus pallidus external segment,CNU,,8,691,105,TRUE,0.63,-4.92,0.05,0.01,0.31,-3.66,0.18,0.24,1.71,-1.83,0.28,0.48,0.29,-3.04,0.02,0.06,,-2.32,0.07,,,-2.81,0.1,,0.04,0.01,0.09
176,GPi,Globus pallidus internal segment,CNU,,5,405,23,FALSE,,,,,,,,,,,,,,,,,,,,,,,,,0.12,0.11,0.0
175,SI,Substantia innominata,CNU,,24,1068,133,TRUE,0.33,-3.23,0.03,0.0,0.28,-3.56,0.07,0.14,1.36,-2.23,0.34,0.47,0.27,-3.98,0.0,0.02,,-2.54,0.06,,,-3.42,0.04,,0.01,0.01,0.45
174,MA,Magnocellular nucleus,CNU,,6,200,21,FALSE,,,,,,,,,,,,,,,,,,,,,,,,,,,
173,MS,Medial septal nucleus,CNU,,6,468,45,TRUE,0.49,-4.3,-0.01,0.0,0.4,-3.71,0.05,0.12,1.09,-2.45,0.19,0.37,0.45,-3.31,0.01,0.05,,-2.31,0.17,,,-3.02,0.03,,0.01,0.01,0.19
172,NDB,Diagonal band nucleus,CNU,,5,241,23,FALSE,,,,,,,,,,,,,,,,,,,,,,,,,0.03,0.03,0.24
171,TRS,Triangular nucleus of septum,CNU,,7,301,43,TRUE,,,,,,,,,,,,,,,,,,-2.29,0.06,,,-3.38,0.03,,-0.01,0.0,0.69
170,BST,Bed nuclei of the stria terminalis,CNU,,13,1151,109,TRUE,0.15,-2.91,0.0,0.0,0.17,-4.14,0.07,0.04,0.48,-2.74,0.13,0.12,0.12,-4.64,0.01,0.09,,-2.87,0.01,,,-3.19,0.01,,0.0,0.01,0.65
169,VAL,Ventral anterior-lateral complex of the thalamus,TH,,9,881,128,TRUE,0.15,-3.56,0.02,0.0,0.3,-4.28,0.09,0.18,1.53,-1.89,0.31,0.37,0.19,-3.6,0.01,0.09,,-2.26,0.15,,,-2.99,0.11,,0.01,0.02,0.07
168,VM,Ventral medial nucleus of the thalamus,TH,,9,292,59,TRUE,0.75,-2.49,0.09,0.0,0.33,-3.29,0.23,0.09,2.07,-1.71,0.35,0.45,0.3,-3.18,0.02,0.09,,-2.29,0.08,,,-2.74,0.13,,0.01,0.02,0.27
167,VPL,Ventral posterolateral nucleus of the thalamus,TH,,20,1727,206,TRUE,0.22,-3.51,0.01,0.0,0.28,-3.92,0.13,0.1,0.5,-2.46,0.22,0.42,0.13,-3.87,0.03,0.07,,-2.32,0.19,,,-2.81,0.15,,0.05,0.05,0.0
166,VPLpc,Ventral posterolateral nucleus of the thalamus parvicellular part,TH,,10,260,43,FALSE,,,,,,,,,,,,,,,,,,,,,,,,,-0.01,0.0,0.39
165,VPM,Ventral posteromedial nucleus of the thalamus,TH,,36,4423,587,TRUE,0.08,-3.66,0.01,0.0,0.17,-4.43,0.09,0.11,0.69,-2.27,0.22,0.32,0.08,-3.85,0.02,0.07,,-2.65,0.11,,,-3.27,0.13,,0.03,0.03,0.0
164,VPMpc,Ventral posteromedial nucleus of the thalamus parvicellular part,TH,,4,113,13,FALSE,,,,,,,,,,,,,,,,,,,,,,,,,,,
163,PoT,Posterior triangular thalamic nucleus,TH,,21,1097,139,TRUE,0.18,-3.62,0.01,0.0,0.2,-4.18,0.08,0.05,1.58,-2.32,0.17,0.32,0.21,-5.0,0.01,0.06,,-2.71,0.09,,,-3.08,0.07,,0.01,0.02,0.07
162,SPF,Subparafascicular nucleus,TH,,18,459,39,FALSE,,,,,,,,,,,,,,,,,,,,,,,,,,,
161,SPA,Subparafascicular area,TH,,5,148,12,FALSE,,,,,,,,,,,,,,,,,,,,,,,,,-0.01,0.0,0.77
160,PP,Peripeduncular nucleus,TH,,2,17,1,FALSE,,,,,,,,,,,,,,,,,,,,,,,,,,,
159,MG,Medial geniculate complex,TH,,14,904,166,TRUE,0.17,-3.7,0.01,0.0,0.14,-3.46,0.07,0.07,2.3,-2.1,0.28,0.41,0.12,-5.0,0.0,0.08,,-2.85,0.11,,,-3.88,0.02,,0.03,0.03,0.01
158,LGd,Dorsal part of the lateral geniculate complex,TH,,23,2047,296,TRUE,0.49,-2.85,0.03,0.04,0.25,-4.04,0.08,0.07,1.04,-2.64,0.11,0.27,0.09,-4.07,0.0,0.03,,-2.88,0.04,,,-3.89,0.04,,0.01,0.01,0.04
157,LP,Lateral posterior nucleus of the thalamus,TH,,67,5578,979,TRUE,0.2,-3.35,0.04,0.01,0.15,-4.34,0.06,0.08,0.64,-2.66,0.17,0.25,0.04,-3.48,0.0,0.04,,-3.06,0.03,,,-4.06,0.04,,0.01,0.01,0.01
156,PO,Posterior complex of the thalamus,TH,,43,6348,1211,TRUE,0.08,-3.88,0.0,0.0,0.1,-4.34,0.05,0.1,0.36,-2.21,0.27,0.31,0.06,-4.03,-0.01,0.05,,-2.7,0.04,,,-3.62,0.07,,0.01,0.01,0.14
155,POL,Posterior limiting nucleus of the thalamus,TH,,17,663,97,TRUE,0.29,-4.8,0.03,0.0,0.19,-4.32,0.06,0.23,1.84,-1.95,0.29,0.39,0.31,-3.59,-0.01,0.06,,-2.73,0.03,,,-3.55,0.03,,0.0,0.0,0.36
154,SGN,Suprageniculate nucleus,TH,,11,520,88,TRUE,0.42,-3.65,0.01,0.0,0.24,-4.03,0.05,0.06,3.13,-2.02,0.3,0.25,0.17,-4.98,0.04,0.05,,-3.23,0.04,,,-4.31,0.01,,0.01,0.02,0.09
153,Eth,Ethmoid nucleus of the thalamus,TH,,16,1159,206,TRUE,0.14,-3.63,0.02,0.0,0.16,-3.75,0.08,0.08,0.49,-2.52,0.29,0.42,0.12,-2.91,0.01,0.02,,-2.93,0.08,,,-3.52,0.11,,0.01,0.01,0.05
152,AV,Anteroventral nucleus of thalamus,TH,,8,884,92,TRUE,0.16,-3.33,-0.01,0.0,0.14,-5.0,0.08,0.12,1.71,-2.56,0.2,0.32,0.21,-3.64,0.03,0.07,,-2.91,0.09,,,-3.2,0.02,,0.01,0.02,0.1
151,AM,Anteromedial nucleus,TH,,7,393,73,TRUE,0.13,-3.92,0.03,0.0,0.15,-4.34,0.0,0.09,0.5,-2.77,0.12,0.15,0.15,-4.01,0.01,0.02,,-3.22,0.05,,,-5.0,0.01,,0.01,0.02,0.05
150,IAM,Interanteromedial nucleus of the thalamus,TH,,2,31,7,FALSE,,,,,,,,,,,,,,,,,,,,,,,,,,,
149,IAD,Interanterodorsal nucleus of the thalamus,TH,,3,69,11,FALSE,,,,,,,,,,,,,,,,,,,,,,,,,,,
148,LD,Lateral dorsal nucleus of thalamus,TH,,21,1623,223,TRUE,0.15,-3.46,0.02,0.0,0.09,-5.0,0.11,0.11,0.35,-2.63,0.14,0.22,0.15,-3.95,0.02,0.02,,-2.75,0.04,,,-4.34,0.07,,0.01,0.01,0.13
147,IMD,Intermediodorsal nucleus of the thalamus,TH,,1,1,1,FALSE,,,,,,,,,,,,,,,,,,,,,,,,,,,
146,MD,Mediodorsal nucleus of thalamus,TH,,18,2272,371,TRUE,0.09,-3.47,0.02,0.0,0.09,-4.93,0.07,0.09,0.74,-2.43,0.21,0.35,0.07,-3.97,0.01,0.04,,-2.83,0.07,,,-3.45,0.05,,0.03,0.03,0.0
145,SMT,Submedial nucleus of the thalamus,TH,,6,647,71,TRUE,0.21,-3.62,0.03,0.0,0.18,-4.35,0.09,0.08,0.63,-2.56,0.28,0.5,0.14,-4.11,-0.02,0.0,,-2.93,0.03,,,-3.77,0.07,,0.0,0.0,0.21
144,PR,Perireunensis nucleus,TH,,2,82,15,FALSE,,,,,,,,,,,,,,,,,,,,,,,,,,,
143,PVT,Paraventricular nucleus of the thalamus,TH,,11,429,75,TRUE,0.13,-4.41,-0.01,0.0,0.08,-4.59,0.05,0.12,0.39,-3.12,0.13,0.15,0.13,-4.25,0.0,0.05,,-3.34,0.03,,,-5.0,0.01,,0.0,0.0,0.6
142,PT,Parataenial nucleus,TH,,2,17,1,FALSE,,,,,,,,,,,,,,,,,,,,,,,,,,,
141,RE,Nucleus of reuniens,TH,,3,93,3,FALSE,,,,,,,,,,,,,,,,,,,,,,,,,,,
140,Xi,Xiphoid thalamic nucleus,TH,,1,5,0,FALSE,,,,,,,,,,,,,,,,,,,,,,,,,,,
139,RH,Rhomboid nucleus,TH,,3,45,3,FALSE,,,,,,,,,,,,,,,,,,,,,,,,,,,
138,CM,Central medial nucleus of the thalamus,TH,,7,233,37,FALSE,,,,,,,,,,,,,,,,,,,,,,,,,0.08,0.08,0.0
137,PCN,Paracentral nucleus,TH,,7,202,36,TRUE,0.35,-3.24,0.03,0.0,0.26,-3.67,0.1,0.17,1.13,-2.07,0.33,0.54,0.27,-3.19,0.0,0.08,,-2.73,0.09,,,-3.2,0.09,,0.02,0.03,0.1
136,CL,Central lateral nucleus of the thalamus,TH,,8,173,15,FALSE,,,,,,,,,,,,,,,,,,,,,,,,,,,
135,PF,Parafascicular nucleus,TH,,6,469,50,FALSE,,,,,,,,,,,,,,,,,,,,,,,,,0.11,0.1,0.0
134,PIL,Posterior intralaminar thalamic nucleus,TH,,4,75,6,FALSE,,,,,,,,,,,,,,,,,,,,,,,,,,,
133,RT,Reticular nucleus of the thalamus,TH,,20,1575,103,TRUE,0.26,-3.2,0.02,0.0,0.24,-3.52,0.1,0.27,2.27,-1.95,0.36,0.62,0.34,-3.82,0.0,0.03,,-2.18,0.17,,,-2.89,0.08,,-0.01,0.0,0.85
132,IGL,Intergeniculate leaflet of the lateral geniculate complex,TH,,2,51,4,FALSE,,,,,,,,,,,,,,,,,,,,,,,,,,,
131,IntG,Intermediate geniculate nucleus,TH,,2,25,3,FALSE,,,,,,,,,,,,,,,,,,,,,,,,,,,
130,LGv,Ventral part of the lateral geniculate complex,TH,,7,353,50,TRUE,0.27,-4.01,0.08,0.0,0.3,-4.12,0.09,0.11,1.08,-2.64,0.21,0.29,0.29,-5.0,-0.07,0.03,,-3.17,0.03,,,-5.0,0.04,,0.01,0.01,0.19
129,SubG,Subgeniculate nucleus,TH,,1,7,0,FALSE,,,,,,,,,,,,,,,,,,,,,,,,,,,
128,MH,Medial habenula,TH,,9,83,8,FALSE,,,,,,,,,,,,,,,,,,,,,,,,,,,
127,LH,Lateral habenula,TH,,9,246,17,FALSE,,,,,,,,,,,,,,,,,,,,,,,,,,,
126,PVH,Paraventricular hypothalamic nucleus,HY,,2,25,3,FALSE,,,,,,,,,,,,,,,,,,,,,,,,,,,
125,ADP,Anterodorsal preoptic nucleus,HY,,1,49,2,FALSE,,,,,,,,,,,,,,,,,,,,,,,,,,,
124,AVP,Anteroventral preoptic nucleus,HY,,3,47,7,FALSE,,,,,,,,,,,,,,,,,,,,,,,,,,,
123,DMH,Dorsomedial nucleus of the hypothalamus,HY,,3,61,14,FALSE,,,,,,,,,,,,,,,,,,,,,,,,,0.0,0.0,0.3
122,MPO,Medial preoptic area,HY,,4,164,32,TRUE,0.3,-4.34,0.0,0.0,0.22,-4.29,0.03,0.09,0.44,-2.83,0.16,0.35,0.33,-5.0,-0.02,0.04,,-3.07,0.08,,,-3.45,0.0,,0.0,0.0,0.65
121,PS,Parastrial nucleus,HY,,2,106,11,FALSE,,,,,,,,,,,,,,,,,,,,,,,,,,,
120,VLPO,Ventrolateral preoptic nucleus,HY,,1,1,0,FALSE,,,,,,,,,,,,,,,,,,,,,,,,,,,
119,AHN,Anterior hypothalamic nucleus,HY,,2,61,3,FALSE,,,,,,,,,,,,,,,,,,,,,,,,,,,
118,LM,Lateral mammillary nucleus,HY,,1,22,6,FALSE,,,,,,,,,,,,,,,,,,,,,,,,,,,
117,MM,Medial mammillary nucleus,HY,,1,22,4,FALSE,,,,,,,,,,,,,,,,,,,,,,,,,,,
116,SUM,Supramammillary nucleus,HY,,2,73,8,FALSE,,,,,,,,,,,,,,,,,,,,,,,,,,,
115,MPN,Medial preoptic nucleus,HY,,1,18,1,FALSE,,,,,,,,,,,,,,,,,,,,,,,,,,,
114,PVHd,Paraventricular hypothalamic nucleus descending division,HY,,3,34,3,FALSE,,,,,,,,,,,,,,,,,,,,,,,,,,,
113,VMH,Ventromedial hypothalamic nucleus,HY,,3,39,1,FALSE,,,,,,,,,,,,,,,,,,,,,,,,,,,
112,PH,Posterior hypothalamic nucleus,HY,,2,112,8,FALSE,,,,,,,,,,,,,,,,,,,,,,,,,,,
111,LHA,Lateral hypothalamic area,HY,,12,475,86,TRUE,0.11,-4.22,0.03,0.0,0.11,-4.64,0.03,0.06,0.71,-2.47,0.22,0.42,0.1,-4.07,-0.01,0.03,,-2.79,0.08,,,-4.88,0.01,,0.0,0.0,0.51
110,LPO,Lateral preoptic area,HY,,3,66,9,FALSE,,,,,,,,,,,,,,,,,,,,,,,,,,,
109,PeF,Perifornical nucleus,HY,,3,90,24,TRUE,,,,,,,,,,,,,,,,,,-2.6,0.04,,,-5.0,0.06,,0.07,0.07,0.0
108,STN,Subthalamic nucleus,HY,,2,19,4,FALSE,,,,,,,,,,,,,,,,,,,,,,,,,,,
107,TU,Tuberal nucleus,HY,,1,36,10,FALSE,,,,,,,,,,,,,,,,,,,,,,,,,,,
106,ZI,Zona incerta,HY,,39,2202,179,TRUE,0.31,-3.12,0.03,0.04,0.19,-4.94,0.13,0.22,1.82,-1.66,0.33,0.49,0.25,-3.68,0.04,0.07,,-2.43,0.09,,,-2.9,0.13,,0.03,0.04,0.0
105,SCs,Superior colliculus sensory related,MB,,26,1301,65,FALSE,,,,,,,,,,,,,,,,,,,,,,,,,0.06,-0.02,0.62
104,IC,Inferior colliculus,MB,,21,2282,118,TRUE,0.4,-3.54,0.0,0.0,0.23,-4.18,0.02,0.1,1.89,-2.45,0.39,0.52,0.54,-4.6,0.01,0.02,,-3.03,0.03,,,-3.61,0.01,,0.03,0.02,0.13
103,NB,Nucleus of the brachium of the inferior colliculus,MB,,3,106,10,FALSE,,,,,,,,,,,,,,,,,,,,,,,,,,,
102,SAG,Nucleus sagulum,MB,,3,151,23,FALSE,,,,,,,,,,,,,,,,,,,,,,,,,0.0,-0.01,0.53
101,PBG,Parabigeminal nucleus,MB,,3,80,8,FALSE,,,,,,,,,,,,,,,,,,,,,,,,,,,
100,SNr,Substantia nigra reticular part,MB,,17,680,52,FALSE,,,,,,,,,,,,,,,,,,,,,,,,,0.05,0.07,0.08
99,VTA,Ventral tegmental area,MB,,5,66,3,FALSE,,,,,,,,,,,,,,,,,,,,,,,,,,,
98,RR,Midbrain reticular nucleus retrorubral area,MB,,2,192,10,FALSE,,,,,,,,,,,,,,,,,,,,,,,,,,,
97,MRN,Midbrain reticular nucleus,MB,,93,8342,709,TRUE,0.56,-3.65,0.04,0.01,0.48,-4.06,0.17,0.22,1.54,-1.76,0.38,0.51,0.12,-3.09,0.01,0.07,,-2.29,0.1,,,-3.0,0.14,,0.03,0.02,0.0
96,SCm,Superior colliculus motor related,MB,,50,7859,543,TRUE,0.55,-4.23,0.08,0.02,0.73,-4.42,0.18,0.18,0.9,-1.83,0.34,0.49,0.09,-3.31,0.01,0.08,,-2.18,0.09,,,-2.74,0.2,,0.04,0.03,0.0
95,PAG,Periaqueductal gray,MB,,45,2711,253,TRUE,0.24,-3.46,0.04,0.01,0.21,-3.88,0.09,0.15,1.97,-2.1,0.42,0.51,0.12,-3.51,0.05,0.1,,-2.54,0.07,,,-3.03,0.12,,0.06,0.05,0.0
94,APN,Anterior pretectal nucleus,MB,,45,6286,524,TRUE,0.39,-2.46,0.04,0.01,1.18,-3.86,0.2,0.13,1.65,-1.75,0.23,0.4,0.13,-3.61,0.0,0.05,,-5.0,0.13,,,-5.0,0.15,,0.01,0.0,0.42
93,MPT,Medial pretectal area,MB,,2,3,0,FALSE,,,,,,,,,,,,,,,,,,,,,,,,,,,
92,NOT,Nucleus of the optic tract,MB,,17,431,34,FALSE,,,,,,,,,,,,,,,,,,,,,,,,,,,
91,NPC,Nucleus of the posterior commissure,MB,,10,323,28,FALSE,,,,,,,,,,,,,,,,,,,,,,,,,,,
90,OP,Olivary pretectal nucleus,MB,,4,74,16,FALSE,,,,,,,,,,,,,,,,,,,,,,,,,,,
89,PPT,Posterior pretectal nucleus,MB,,7,109,17,FALSE,,,,,,,,,,,,,,,,,,,,,,,,,,,
88,RPF,Retroparafascicular nucleus,MB,,2,71,8,FALSE,,,,,,,,,,,,,,,,,,,,,,,,,,,
87,CUN,Cuneiform nucleus,MB,,8,474,36,FALSE,,,,,,,,,,,,,,,,,,,,,,,,,0.02,0.03,0.22
86,RN,Red nucleus,MB,,13,1272,95,TRUE,0.52,-0.71,0.03,0.0,0.54,-1.34,0.15,0.2,3.53,-0.31,0.38,0.49,0.2,-3.26,-0.01,0.05,,-1.33,0.1,,,-1.29,0.17,,0.03,0.02,0.15
85,III,Oculomotor nucleus,MB,,3,35,7,FALSE,,,,,,,,,,,,,,,,,,,,,,,,,,,
84,EW,Edinger-Westphal nucleus,MB,,2,7,1,FALSE,,,,,,,,,,,,,,,,,,,,,,,,,,,
83,Pa4,Paratrochlear nucleus,MB,,1,23,1,FALSE,,,,,,,,,,,,,,,,,,,,,,,,,,,
82,VTN,Ventral tegmental nucleus,MB,,2,87,3,FALSE,,,,,,,,,,,,,,,,,,,,,,,,,,,
81,AT,Anterior tegmental nucleus,MB,,4,70,6,FALSE,,,,,,,,,,,,,,,,,,,,,,,,,,,
80,DT,Dorsal terminal nucleus of the accessory optic tract,MB,,3,33,7,FALSE,,,,,,,,,,,,,,,,,,,,,,,,,,,
79,MT,Medial terminal nucleus of the accessory optic tract,MB,,2,17,0,FALSE,,,,,,,,,,,,,,,,,,,,,,,,,,,
78,SNc,Substantia nigra compact part,MB,,7,137,15,FALSE,,,,,,,,,,,,,,,,,,,,,,,,,,,
77,PPN,Pedunculopontine nucleus,MB,,9,492,52,TRUE,0.51,-2.8,0.05,0.0,0.3,-3.55,0.19,0.17,2.43,-1.88,0.44,0.67,0.25,-3.36,0.09,0.13,,-2.11,0.06,,,-2.82,0.1,,0.12,0.09,0.0
76,IF,Interfascicular nucleus raphe,MB,,1,41,5,FALSE,,,,,,,,,,,,,,,,,,,,,,,,,,,
75,IPN,Interpeduncular nucleus,MB,,2,45,2,FALSE,,,,,,,,,,,,,,,,,,,,,,,,,,,
74,RL,Rostral linear nucleus raphe,MB,,1,20,4,FALSE,,,,,,,,,,,,,,,,,,,,,,,,,,,
73,CLI,Central linear nucleus raphe,MB,,4,136,16,FALSE,,,,,,,,,,,,,,,,,,,,,,,,,,,
72,DR,Dorsal nucleus raphe,MB,,2,172,27,FALSE,,,,,,,,,,,,,,,,,,,,,,,,,0.11,0.07,0.1
71,NLL,Nucleus of the lateral lemniscus,HB,,5,534,39,FALSE,,,,,,,,,,,,,,,,,,,,,,,,,-0.01,-0.02,0.69
70,PSV,Principal sensory nucleus of the trigeminal,HB,,6,746,46,FALSE,,,,,,,,,,,,,,,,,,,,,,,,,0.09,0.1,0.0
69,PB,Parabrachial nucleus,HB,,21,1031,87,TRUE,0.21,-3.48,0.06,0.0,0.26,-4.33,0.05,0.09,0.79,-2.69,0.15,0.22,0.27,-4.55,0.03,0.0,,-3.33,0.04,,,-5.0,0.02,,0.07,0.02,0.25
68,SOC,Superior olivary complex,HB,,4,193,10,FALSE,,,,,,,,,,,,,,,,,,,,,,,,,,,
67,DTN,Dorsal tegmental nucleus,HB,,3,97,13,FALSE,,,,,,,,,,,,,,,,,,,,,,,,,-0.02,-0.05,0.98
66,PDTg,Posterodorsal tegmental nucleus,HB,,1,27,3,FALSE,,,,,,,,,,,,,,,,,,,,,,,,,,,
65,PCG,Pontine central gray,HB,,8,310,21,FALSE,,,,,,,,,,,,,,,,,,,,,,,,,,,
64,PG,Pontine gray,HB,,2,18,1,FALSE,,,,,,,,,,,,,,,,,,,,,,,,,,,
63,PRNc,Pontine reticular nucleus caudal part,HB,,7,507,63,TRUE,1.51,-2.19,0.11,0.0,0.83,-3.6,0.29,0.34,1.17,-1.7,0.42,0.57,0.31,-3.33,0.04,0.09,,-2.05,0.05,,,-2.14,0.22,,0.03,0.03,0.02
62,SUT,Supratrigeminal nucleus,HB,,9,296,19,FALSE,,,,,,,,,,,,,,,,,,,,,,,,,,,
61,TRN,Tegmental reticular nucleus,HB,,6,601,62,FALSE,,,,,,,,,,,,,,,,,,,,,,,,,0.0,-0.02,0.76
60,V,Motor nucleus of trigeminal,HB,,8,542,64,TRUE,,,,,,,,,,,,,,,,,,-2.33,0.03,,,-5.0,0.06,,0.0,0.01,0.38
59,P5,Peritrigeminal zone,HB,,3,72,6,FALSE,,,,,,,,,,,,,,,,,,,,,,,,,,,
58,PC5,Parvicellular motor 5 nucleus,HB,,2,4,0,FALSE,,,,,,,,,,,,,,,,,,,,,,,,,,,
57,I5,Intertrigeminal nucleus,HB,,4,207,7,FALSE,,,,,,,,,,,,,,,,,,,,,,,,,,,
56,CS,Superior central nucleus raphe,HB,,8,860,69,TRUE,0.68,-3.9,0.04,0.03,0.44,-3.25,0.14,0.21,1.22,-2.4,0.18,0.33,0.27,-3.38,-0.01,0.0,,-3.1,0.05,,,-3.58,0.06,,0.03,0.02,0.19
55,LC,Locus ceruleus,HB,,1,5,0,FALSE,,,,,,,,,,,,,,,,,,,,,,,,,,,
54,LDT,Laterodorsal tegmental nucleus,HB,,1,244,16,FALSE,,,,,,,,,,,,,,,,,,,,,,,,,-0.01,0.0,0.7
53,NI,Nucleus incertus,HB,,5,132,17,FALSE,,,,,,,,,,,,,,,,,,,,,,,,,0.01,0.01,0.44
52,PRNr,Pontine reticular nucleus,HB,,15,2207,161,TRUE,0.45,-3.24,0.05,0.01,0.52,-3.71,0.15,0.13,5.95,-1.97,0.29,0.31,0.16,-3.3,0.02,0.04,,-2.5,0.09,,,-2.94,0.12,,0.1,0.05,0.0
51,DCO,Dorsal cochlear nucleus,HB,,11,706,57,TRUE,0.77,-2.37,0.02,0.0,0.57,-4.21,0.18,0.17,1.72,-2.34,0.37,0.47,0.42,-3.26,0.01,0.03,,-2.07,0.14,,,-2.79,0.13,,0.07,0.06,0.04
50,VCO,Ventral cochlear nucleus,HB,,4,445,16,FALSE,,,,,,,,,,,,,,,,,,,,,,,,,,,
49,CU,Cuneate nucleus,HB,,2,140,3,FALSE,,,,,,,,,,,,,,,,,,,,,,,,,,,
48,ECU,External cuneate nucleus,HB,,5,158,5,FALSE,,,,,,,,,,,,,,,,,,,,,,,,,,,
47,NTS,Nucleus of the solitary tract,HB,,16,504,28,FALSE,,,,,,,,,,,,,,,,,,,,,,,,,,,
46,SPVC,Spinal nucleus of the trigeminal caudal part,HB,,4,219,11,FALSE,,,,,,,,,,,,,,,,,,,,,,,,,,,
45,SPVI,Spinal nucleus of the trigeminal interpolar part,HB,,12,1819,66,TRUE,0.2,-3.56,-0.03,0.0,0.41,-4.45,0.04,0.21,2.67,-2.4,0.22,0.47,0.3,-3.83,0.02,0.18,,-2.5,0.09,,,-3.28,0.02,,-0.01,0.0,0.7
44,SPVO,Spinal nucleus of the trigeminal oral part,HB,,7,690,37,FALSE,,,,,,,,,,,,,,,,,,,,,,,,,0.0,0.01,0.32
43,Pa5,Paratrigeminal nucleus,HB,,1,23,0,FALSE,,,,,,,,,,,,,,,,,,,,,,,,,,,
42,VII,Facial motor nucleus,HB,,3,127,14,FALSE,,,,,,,,,,,,,,,,,,,,,,,,,,,
41,AMB,Nucleus ambiguus,HB,,2,23,1,FALSE,,,,,,,,,,,,,,,,,,,,,,,,,,,
40,DMX,Dorsal motor nucleus of the vagus nerve,HB,,1,3,0,FALSE,,,,,,,,,,,,,,,,,,,,,,,,,,,
39,GRN,Gigantocellular reticular nucleus,HB,,15,1297,134,TRUE,1.34,-2.47,0.08,0.0,1.22,-2.81,0.27,0.31,2.13,-1.73,0.39,0.52,0.18,-3.66,0.03,0.13,,-1.65,0.31,,,-2.04,0.4,,0.08,0.05,0.0
38,ICB,Infracerebellar nucleus,HB,,6,172,10,FALSE,,,,,,,,,,,,,,,,,,,,,,,,,,,
37,IO,Inferior olivary complex,HB,,4,20,0,FALSE,,,,,,,,,,,,,,,,,,,,,,,,,,,
36,IRN,Intermediate reticular nucleus,HB,,27,1955,176,TRUE,1.32,-1.94,0.04,0.02,1.43,-2.51,0.14,0.35,2.21,-1.29,0.35,0.53,0.22,-3.36,-0.03,0.06,,-5.0,0.23,,,-5.0,0.22,,0.02,0.01,0.42
35,LIN,Linear nucleus of the medulla,HB,,2,40,2,FALSE,,,,,,,,,,,,,,,,,,,,,,,,,,,
34,LRN,Lateral reticular nucleus,HB,,5,152,11,FALSE,,,,,,,,,,,,,,,,,,,,,,,,,,,
33,MARN,Magnocellular reticular nucleus,HB,,5,183,21,FALSE,,,,,,,,,,,,,,,,,,,,,,,,,,,
32,MDRN,Medullary reticular nucleus,HB,,7,582,41,TRUE,0.23,-3.64,0.01,0.0,0.25,-4.08,0.04,0.05,0.66,-2.77,0.07,0.3,0.58,-5.0,-0.03,0.05,,-2.88,0.03,,,-2.89,0.04,,0.0,0.0,0.6
31,PARN,Parvicellular reticular nucleus,HB,,17,901,89,TRUE,0.4,-2.78,0.03,0.0,0.37,-3.66,0.13,0.16,1.75,-2.05,0.32,0.5,0.27,-2.81,-0.01,0.11,,-2.0,0.18,,,-2.44,0.17,,0.06,0.03,0.06
30,PAS,Parasolitary nucleus,HB,,1,5,0,FALSE,,,,,,,,,,,,,,,,,,,,,,,,,,,
29,PGRN,Paragigantocellular reticular nucleus,HB,,10,294,18,FALSE,,,,,,,,,,,,,,,,,,,,,,,,,,,
28,PRP,Nucleus prepositus,HB,,7,243,13,FALSE,,,,,,,,,,,,,,,,,,,,,,,,,,,
27,LAV,Lateral vestibular nucleus,HB,,8,223,16,FALSE,,,,,,,,,,,,,,,,,,,,,,,,,,,
26,MV,Medial vestibular nucleus,HB,,21,1987,128,TRUE,0.35,-3.02,0.02,0.0,0.6,-2.22,0.11,0.15,1.78,-1.94,0.23,0.39,0.57,-0.91,-0.03,0.11,,-1.5,0.12,,,-5.0,0.27,,0.05,0.05,0.07
25,SPIV,Spinal vestibular nucleus,HB,,14,608,50,FALSE,,,,,,,,,,,,,,,,,,,,,,,,,-0.02,-0.04,0.88
24,SUV,Superior vestibular nucleus,HB,,9,431,33,FALSE,,,,,,,,,,,,,,,,,,,,,,,,,,,
23,x,Nucleus x,HB,,2,152,11,FALSE,,,,,,,,,,,,,,,,,,,,,,,,,,,
22,XII,Hypoglossal nucleus,HB,,1,129,3,FALSE,,,,,,,,,,,,,,,,,,,,,,,,,,,
21,y,Nucleus y,HB,,1,7,1,FALSE,,,,,,,,,,,,,,,,,,,,,,,,,,,
20,RO,Nucleus raphe obscurus,HB,,1,22,1,FALSE,,,,,,,,,,,,,,,,,,,,,,,,,,,
19,LING,Lingula (I),CB,,7,88,9,FALSE,,,,,,,,,,,,,,,,,,,,,,,,,,,
18,CENT2,Lobule II,CB,,15,1568,114,TRUE,0.28,-3.18,0.01,0.0,0.41,-4.32,0.09,0.19,1.43,-2.53,0.25,0.28,0.28,-3.75,0.04,0.09,,-2.84,0.12,,,-3.16,0.09,,-0.16,-0.14,0.56
17,CENT3,Lobule III,CB,,25,2023,133,TRUE,0.36,-2.79,0.02,0.0,0.88,-3.46,0.07,0.05,1.65,-2.02,0.06,0.21,0.33,-3.17,0.02,0.1,,-2.24,0.07,,,-2.66,0.03,,0.07,0.05,0.11
16,CUL4 5,Lobules IV-V,CB,,29,3361,311,TRUE,0.23,-3.67,0.01,0.0,0.29,-3.58,0.09,0.1,1.92,-2.3,0.21,0.24,0.19,-5.0,0.01,0.03,,-2.39,0.1,,,-3.17,0.1,,0.05,0.01,0.4
15,DEC,Declive (VI),CB,,7,538,24,FALSE,,,,,,,,,,,,,,,,,,,,,,,,,,,
14,FOTU,Folium-tuber vermis (VII),CB,,4,174,12,FALSE,,,,,,,,,,,,,,,,,,,,,,,,,,,
13,PYR,Pyramus (VIII),CB,,4,223,13,FALSE,,,,,,,,,,,,,,,,,,,,,,,,,0.05,0.04,0.16
12,UVU,Uvula (IX),CB,,8,368,16,FALSE,,,,,,,,,,,,,,,,,,,,,,,,,,,
11,NOD,Nodulus (X),CB,,9,614,37,TRUE,0.15,-4.13,0.03,0.0,0.19,-4.26,0.02,0.0,0.43,-2.74,0.06,0.23,0.24,-5.0,-0.03,0.0,,-3.67,0.01,,,-4.04,0.02,,0.0,0.0,0.51
10,SIM,Simple lobule,CB,,19,2842,211,TRUE,0.28,-2.93,0.03,0.0,0.6,-4.52,0.14,0.15,1.22,-2.44,0.36,0.39,0.17,-3.53,0.0,0.02,,-2.44,0.17,,,-2.93,0.22,,0.04,0.03,0.02
9,ANcr1,Crus 1,CB,,9,1448,138,TRUE,0.21,-3.43,0.03,0.01,0.22,-4.36,0.06,0.08,1.01,-2.96,0.23,0.22,0.15,-5.0,-0.03,0.03,,-3.09,0.1,,,-3.31,0.08,,0.03,0.0,0.48
8,ANcr2,Crus 2,CB,,13,1609,141,TRUE,,,,,,,,,0.62,-3.27,0.23,0.04,,,,,,-4.08,0.01,,,-5.0,0.01,,0.0,0.0,0.54
7,PRM,Paramedian lobule,CB,,16,1947,129,TRUE,0.39,-2.75,0.0,0.0,0.27,-3.54,0.11,0.11,0.94,-2.55,0.26,0.19,0.3,-3.83,-0.03,0.06,,-2.7,0.08,,,-3.76,0.15,,0.0,-0.01,0.71
6,COPY,Copula pyramidis,CB,,15,1070,60,TRUE,0.23,-2.75,0.02,0.0,0.34,-3.82,0.14,0.38,0.78,-2.29,0.15,0.41,0.25,-3.94,0.04,0.17,,-2.1,0.25,,,-2.54,0.23,,0.03,0.04,0.03
5,PFL,Paraflocculus,CB,,7,460,38,FALSE,,,,,,,,,,,,,,,,,,,,,,,,,-0.01,0.0,0.22
4,FL,Flocculus,CB,,5,151,9,FALSE,,,,,,,,,,,,,,,,,,,,,,,,,,,
3,FN,Fastigial nucleus,CB,,5,79,8,FALSE,,,,,,,,,,,,,,,,,,,,,,,,,,,
2,IP,Interposed nucleus,CB,,23,1526,175,TRUE,0.27,-3.47,0.09,0.0,0.16,-4.34,0.21,0.1,0.82,-2.49,0.38,0.19,0.15,-4.12,-0.02,0.01,,-2.87,0.16,,,-5.0,0.13,,0.03,0.02,0.46
1,DN,Dentate nucleus,CB,,9,291,29,FALSE,,,,,,,,,,,,,,,,,,,,,,,,,0.1,0.1,0.02
0,VeCB,Vestibulocerebellar nucleus,CB,,5,192,18,FALSE,,,,,,,,,,,,,,,,,,,,,,,,,-0.01,0.0,0.75